"paipanType","storedRecordType","sourcePage","consumerReportRoute","serverPreparationBranch","pageSha256","sourceCommit","evidenceScope","runtimeAcceptance"
"bazi","bazi","apps/mobile/src/pkg-paipan/bazi/result.vue","True","True","2f08a4fa76e2e301e224ba5a14e37fa0e01d0e37bea7b8cdaf479c5ca00b7dd5","08a5c0acea4ddc28db05b4ec6f563573bb4475b9","源码入口核对","目标环境与模型未覆盖"
"ziwei","ziwei","apps/mobile/src/pkg-paipan/ziwei/result.vue","True","True","47bf88760e85e546b1e3382fb9504f99a9659dde23c6b12f7d29fcc4e20ba530","08a5c0acea4ddc28db05b4ec6f563573bb4475b9","源码入口核对","目标环境与模型未覆盖"
"meihua","meihua","apps/mobile/src/pkg-paipan/meihua/result.vue","True","True","cce6d7767f72f778b883e5b1aabca4ce1ab5780c38524eb51f42d7c7a43735e2","08a5c0acea4ddc28db05b4ec6f563573bb4475b9","源码入口核对","目标环境与模型未覆盖"
"qimen","qimen","apps/mobile/src/pkg-paipan/qimen/result.vue","True","True","0072da728547a1a081c625306c4f375c3b22f9aec6d10e0d8b450955b9da9d79","08a5c0acea4ddc28db05b4ec6f563573bb4475b9","源码入口核对","目标环境与模型未覆盖"
"daliuren","daliuren","apps/mobile/src/pkg-paipan/daliuren/result.vue","True","True","cadf5e864cac0c067289524e91e03fd1b96a20d3d4357557e6639d04cdf01a9d","08a5c0acea4ddc28db05b4ec6f563573bb4475b9","源码入口核对","目标环境与模型未覆盖"
"jinkoujue","jinkoujue","apps/mobile/src/pkg-paipan/jinkoujue/result.vue","True","True","bea7c208e5925c0d4bbee3b980930adb5609caa200b332cc3cd93eded591546f","08a5c0acea4ddc28db05b4ec6f563573bb4475b9","源码入口核对","目标环境与模型未覆盖"
"xuankong","xuankong","apps/mobile/src/pkg-paipan/xuankong/result.vue","True","True","c8fd1daef17ec1e903e406f9499cbdc472195dc61a252bcfede7ed5fce832b08","08a5c0acea4ddc28db05b4ec6f563573bb4475b9","源码入口核对","目标环境与模型未覆盖"
"yinpan","qimen-yin","apps/mobile/src/pkg-paipan/yinpan/result.vue","True","True","8de1a9c0c572552543baae7066a30083feb2d8baebc16fa1a5f047ef8c987abb","08a5c0acea4ddc28db05b4ec6f563573bb4475b9","源码入口核对","目标环境与模型未覆盖"
"yangpan","yangpan","apps/mobile/src/pkg-paipan/yangpan/result.vue","True","True","8b5090ed818865226e9ddf339e18ee98bfc6bcabc1fcdfcfc575badbc53b1c2f","08a5c0acea4ddc28db05b4ec6f563573bb4475b9","源码入口核对","目标环境与模型未覆盖"
"liuyao","liuyao","apps/mobile/src/pkg-paipan2/liuyao/result.vue","True","True","bd00da9318156d7d4d4a35b66a5d2f1805e2efe3f3658c3784276b33744e3cd5","08a5c0acea4ddc28db05b4ec6f563573bb4475b9","源码入口核对","目标环境与模型未覆盖"
"bazhai","bazhai","apps/mobile/src/pkg-paipan3/bazhai/result.vue","True","True","56cec5b2353cd94cfea069a5a6f62d822d4ff019d75d88c044f0d85510942589","08a5c0acea4ddc28db05b4ec6f563573bb4475b9","源码入口核对","目标环境与模型未覆盖"
"xiaoliuren","xiaoliuren","apps/mobile/src/pkg-paipan/xiaoliuren/index.vue","True","True","45fec22e66fd556b3653fd4c18c08165ae9e13e0942633731efecf8984226c07","08a5c0acea4ddc28db05b4ec6f563573bb4475b9","源码入口核对","目标环境与模型未覆盖"
